word,frequency
etanol,1165
energi,783
bbm,728
bahan,702
pertamina,616
bakar,597
indonesia,427
campur,402
sumber,379
kandung,350
daya,349
spbu,346
hasil,312
bahlil,305
2025,286
perintah,281
bensin,280
minyak,279
mineral,273
negara,272
menteri,268
impor,245
tanam,237
daerah,235
motor,231
persen,230
sawit,220
e10,216
kendara,215
milik,211
masyarakat,205
kembang,201
swasta,195
salah,194
bioetanol,192
beli,190
mesin,185
presiden,174
tingkat,173
tebu,172
air,169
pertalite,165
guna,165
usaha,161
terap,158
bijak,157
papua,156
lingkung,156
fuel,156
kurang,155
produk,152
jalan,149
nasional,149
sesuai,149
produksi,148
shell,147
program,145
hutan,145
dukung,140
prabowo,139
manfaat,137
brasil,134
batas,132
singkong,127
jakarta,125
rencana,124
niaga,124
base,124
patra,122
teknologi,121
tani,120
persero,119
industri,118
nilai,118
kerja,117
10persen,111
dorong,111
langkah,110
temu,110
emisi,108
wilayah,107
pangan,106
kait,106
ekonomi,105
lanjut,105
utama,104
vivo,102
lapor,102
capai,101
pakai,101
kuat,101
tenaga,99
pasok,99
mobil,98
jenis,97
suzuki,97
karbon,97
ramah,97
tahan,96
sorgum,95
turun,95
kutip,93
direktur,93
proses,92
sebut,91
sedia,91
negeri,91
bangun,91
pabrik,88
terang,88
alami,88
juta,87
harap,87
lahan,87
butuh,86
harga,86
penuh,85
bantu,85
buka,84
kelapa,84
pertamax,83
uji,83
jawa,82
triliun,82
tambah,80
baku,79
lahadalia,79
aman,78
kadar,78
tekan,78
jaga,77
sektor,77
listrik,77
solar,77
isi,76
standar,76
jual,75
dasar,74
bukti,74
rendah,73
tuju,73
turut,73
swasembada,72
green,72
kualitas,72
batal,72
mandiri,71
konsumsi,71
jagung,70
potensi,70
tumbuh,69
atur,69
sebab,69
ron,69
target,67
pusat,67
amerika,66
baru,66
dampak,66
satu,65
bersih,65
laku,65
biodiesel,65
bentuk,65
komitmen,65
konten,64
tanah,64
tulis,63
rabu,63
mandatori,63
dunia,63
olah,63
luas,62
arah,62
5persen,62
gas,62
alam,61
badan,61
kondisi,61
jadi,61
sistem,61
murni,61
hadir,61
keluh,61
masuk,60
mudah,60
langsung,60
kota,58
gula,58
wakil,58
minum,58
coba,57
gantung,57
achmad,56
akibat,56
cepat,56
salur,56
subianto,56
terima,54
ribu,53
migas,53
rapat,53
sepakat,53
kelola,53
upaya,53
informasi,53
akr,52
kebun,52
jahe,51
fungsi,51
teknis,51
toyota,51
konsumen,51
banding,51
ega,51
negosiasi,51
selasa,51
rumah,51
asam,51
alkohol,50
makan,50
20persen,50
rakyat,50
dapat,50
kolaborasi,49
ganti,49
ubah,49
jumat,49
implementasi,49
nyata,49
global,49
laksana,48
lokal,48
proyek,48
oktan,47
senyawa,47
orang,47
teman,46
kayak,46
kali,46
tubuh,46
nabati,46
otomotif,46
besar,46
teliti,46
barat,46
ton,46
100,45
golkar,45
simon,45
kawasan,45
e20,45
spesifikasi,45
wajib,45
dpr,44
performa,44
hidup,44
serap,44
bas,44
ratus,44
rekan,43
media,43
layan,43
roberth,43
warga,43
beda,42
bidang,42
resmi,42
aku,42
strategis,42
kepala,42
regulasi,42
sifat,42
undang,41
surya,41
duga,41
hilir,41
ketua,41
pasar,41
isu,41
kayu,41
timur,41
kamis,40
hektare,40
kabupaten,40
tugas,40
metanol,40
hijau,39
liter,39
lapang,39
muncul,39
kemarin,39
transisi,39
kilang,38
malam,38
kirim,38
sayur,38
brebet,38
tinggal,38
polisi,38
senin,37
india,37
rugi,37
sisi,37
komisi,37
sosial,37
cipta,37
khawatir,37
sehat,37
keluar,37
diri,37
b50,36
siap,36
sumatera,36
paham,36
kaji,36
cari,36
angka,36
rusak,36
istana,36
mati,36
thailand,35
sumur,35
alas,35
selatan,35
asal,35
edar,35
bandung,35
inovasi,35
darah,35
hitung,34
bisnis,34
jenderal,34
tahap,34
solusi,34
tangan,34
tim,34
perhati,34
studi,34
serikat,34
distribusi,34
tutup,34
jepang,34
ambil,34
buku,34
business,34
prof,34
data,34
korban,34
pohon,33
peran,33
lindung,32
buat,32
barel,32
bumi,32
bikin,32
2027,32
serai,32
dengar,32
wujud,32
boleh,32
provinsi,32
stok,32
bawa,31
kenal,31
hemat,31
lengkap,31
bilang,31
partai,30
nomor,30
lamongan,30
acara,30
e100,30
mana,30
libat,30
buah,30
periksa,30
hilang,29
imbang,29
subsidi,29
tetap,29
contoh,29
urat,29
total,29
efek,29
publik,29
kenan,29
secang,29
komoditas,29
hujan,29
signifikan,29
ajar,28
apr,28
tri,28
tarik,28
udara,28
sepeda,28
energy,28
pengaruh,28
biofuel,28
antioksidan,28
panen,28
catat,28
iklim,27
habis,27
titik,27
lokasi,27
,27
buang,27
warna,27
gerak,27
kapasitas,27
sakit,27
ikut,27
xii,27
tata,27
fosil,27
diabetes,27
zulhas,27
optimal,27
deforestasi,27
ada,26
tindak,26
tinggi,26
peta,26
transformasi,26
manual,26
laboratorium,26
sih,26
2024,26
cocok,26
barang,26
lantar,26
putus,26
bangsa,26
merah,26
hulu,26
alih,25
tonton,25
ginjal,25
batang,25
kece,25
kontribusi,25
corporate,25
modern,25
rusa,25
anak,25
kalimantan,25
desa,24
bengkel,24
ganggu,24
rancang,24
maksimal,24
langgan,24
ruang,24
anggap,24
giat,24
praktik,24
fermentasi,24
timbul,24
utara,24
pandang,24
peluang,23
hayati,23
oktober,23
pungkas,23
universitas,23
2026,23
cair,23
bicara,23
pilih,23
suara,23
generasi,23
alternatif,23
papar,23
sel,23
bagus,23
laode,23
pandu,23
infrastruktur,23
ukur,23
agung,23
sekolah,23
rantai,23
serat,22
tambang,22
bob,22
simpan,22
spesies,22
internasional,22
internal,22
sisa,22
tanggap,22
komponen,22
investasi,22
kantor,22
posko,22
sorot,22
hati,22
alat,22
biaya,22
minggu,22
muchtasyar,22
ramai,21
pamer,21
konservasi,21
banjir,21
kesiap,21
secretary,21
mentah,21
dalam,21
mobility,21
saudara,21
tangki,21
lembap,21
sulit,21
ulang,21
tenggak,21
bioenergi,21
kontrol,21
uang,21
kompleks,21
mekanisme,21
cegah,21
kuota,21
2023,21
pakar,21
riset,20
mahal,20
mars,20
parfum,20
alias,20
samping,20
polres,20
eropa,20
vietnam,20
risiko,20
sebar,20
fokus,20
baik,20
positif,20
ffv,20
strategi,20
imbuh,20
dumatubun,20
hukum,20
jaring,20
b2b,20
tentu,20
cakup,20
purin,20
republik,20
ungkap,20
wartawan,19
sampel,19
kasih,19
zero,19
emission,19
baca,19
ekosistem,19
oil,19
ahmad,19
bebas,19
honda,19
nikmat,19
inisiatif,19
obat,19
percaya,19
mampu,19
berita,19
saran,19
racun,19
ojol,19
sambung,19
rasa,19
vitamin,19
efisien,19
transportasi,19
langka,19
net,18
konsep,18
todotua,18
sulfur,18
realisasi,18
aren,18
efektif,18
pasti,18
sdm,18
kering,18
model,18
hidro,18
lihat,18
untung,18
timbal,18
konversi,18
gram,18
adopsi,18
hewan,18
cpo,18
nama,18
camat,18
b40,18
tara,18
bayang,18
rspo,18
minta,18
jelas,18
keanekaragaman,18
gabung,17
koordinasi,17
teknik,17
e85,17
kaca,17
tanggung,17
guru,17
netralitas,17
mandatory,17
operasional,17
eniya,17
lelang,17
tersangka,17
timbang,17
pabrikan,17
95.,17
adu,17
edukasi,17
bau,17
ketat,17
teh,17
adang,17
tolak,17
pulau,17
penting,17
cita,17
khalayak,17
selamat,17
sarinah,17
mata,17
khusus,17
jangka,16
petrokimia,16
volume,16
jabat,16
unit,16
surabaya,16
pimpin,16
enam,16
terbit,16
sarmuji,16
musim,16
ash,16
kaki,16
itb,16
picu,16
anggota,16
operasi,16
klaim,16
limbah,16
maaf,16
soda,16
mitsubishi,16
mohon,16
japan,16
protein,16
sambut,16
unggul,16
akademisi,16
merek,16
mitra,16
jangkau,16
lapis,16
pikir,16
cerna,16
stasiun,15
ronny,15
2060,15
pakat,15
izin,15
jerami,15
posisi,15
awas,15
hangat,15
situ,15
daun,15
aloysius,15
sempat,15
pupuk,15
tempuh,15
putih,15
mini,15
kelompok,15
ekologis,15
goreng,15
fleksibel,15
destinator,15
tropis,15
murah,15
danantara,15
naik,15
tanda,15
mutu,15
tantang,15
fenomena,15
matang,15
api,15
area,15
bph,15
enak,15
institut,15
keras,15
sinergi,15
detiksore,15
venture,15
bahas,15
bahaya,15
faktor,15
mogok,15
show,15
selang,15
nila,15
miliar,15
rokok,15
sekretaris,14
birokrasi,14
minerba,14
reda,14
legowo,14
segar,14
kriteria,14
gelar,14
putra,14
vario,14
diskusi,14
sukses,14
nutrisi,14
tampil,14
bayam,14
selesai,14
mekanik,14
kendala,14
cassava,14
batuk,14
terus,14
kunjung,14
mantiri,14
lahir,14
hari,14
location,14
berat,14
aspek,14
usul,14
lancar,14
tetangga,14
benar,14
ledak,14
indikasi,14
ingrid,14
tahun,14
verifikasi,14
brazil,14
periode,14
wisnu,14
non,14
dkk,14
desain,14
fakultas,14
jaksa,14
dpp,14
istilah,14
and,14
dpd,13
koperasi,13
cerita,13
kosong,13
minimal,13
paksa,13
formulasi,13
surat,13
suhu,13
unik,13
pencil,13
biar,13
rebus,13
center,13
efisiensi,13
tua,13
aditif,13
director,13
satwa,13
susun,13
serah,13
apresiasi,13
tawar,13
hambat,13
lintas,13
azam,13
publikasi,13
larut,13
umum,13
karbohidrat,13
bakteri,13
palm,13
ambang,13
lazim,13
mbak,13
semangat,13
wib,13
e30,13
kunthi,13
ladang,13
atas,13
vehicle,13
lebih,13
kompatibel,13
hidrogen,13
gibran,13
rekomendasi,13
saji,13
khas,12
kelas,12
iya,12
blending,12
oplos,12
tunggu,12
narkoba,12
sodikin,12
merauke,12
bojonegoro,12
karet,12
insyaallah,12
bal,12
sholat,12
muka,12
asia,12
nada,12
super,12
tepung,12
saing,12
pekan,12
hindar,12
ilmu,12
300,12
purbaya,12
nyala,12
komersial,12
prioritas,12
hadap,12
pathway,12
konkret,12
luncur,12
ekstrak,12
tetes,12
batu,12
daulat,12
research,12
simak,12
euro,12
ekspor,12
agenda,12
panas,12
ethanol,12
jamin,12
mou,12
vanda,12
100persen,12
sederhana,12
dosen,12
oksigen,12
sempurna,12
singkat,12
november,12
meter,12
2020,12
2000,12
multi,12
lembaga,11
umkm,11
buru,11
china,11
deteksi,11
bahasa,11
lansir,11
produsen,11
detikfinance,11
manager,11
teks,11
laman,11
bumn,11
biji,11
potong,11
dingin,11
aroma,11
fronx,11
cop30,11
lebar,11
kontaminan,11
korosi,11
ahli,11
ancam,11
tuang,11
normal,11
direktorat,11
ligas,11
paranura,11
ujung,11
mobilitas,11
konfirmasi,11
bank,11
practice,11
buncis,11
molase,11
gasoline,11
join,11
formula,11
ppn,11
adik,11
botol,11
bayar,11
dokumen,11
hasan,11
dekat,11
damping,11
kunci,11
roda,11
koordinator,11
sustainable,11
zulkifli,11
kukuh,11
pasuruan,11
best,11
national,11
buruk,11
aktif,11
produktivitas,11
stabil,11
selaras,11
tuntut,10
dewi,10
iring,10
rujuk,10
depan,10
injeksi,10
2010,10
lambat,10
serang,10
ringan,10
simbol,10
ilegal,10
oleh,10
gizi,10
kalori,10
avanza,10
prosedur,10
istri,10
tangerang,10
viral,10
paprika,10
cukai,10
brokoli,10
gunung,10
fasilitas,10
liar,10
youtube,10
diare,10
mahasiswa,10
suami,10
dprd,10
maju,10
muhammad,10
aktivitas,10
detikcom,10
baur,10
kimia,10
budi,10
john,10
pura,10
lambung,10
datar,10
serius,10
sukabumi,10
detikjabar,10
tmmin,10
aneka,10
bagi,10
nuklir,10
bbn,10
gelas,10
rifqi,10
2021,10
tiga,10
saksi,10
pasal,9
visual,9
inti,9
perut,9
kalimat,9
kejar,9
brian,9
sadar,9
lantas,9
2030,9
jamu,9
polusi,9
2022,9
ucap,9
dakwa,9
limpah,9
sumbang,9
insentif,9
skema,9
manusia,9
syarat,9
perkara,9
serta,9
tari,9
kacang,9
moga,9
berangkat,9
kampung,9
pisah,9
2029,9
yamaha,9
antisipasi,9
muda,9
henti,9
visi,9
125,9
anas,9
jms,9
apa,9
kuartal,9
minat,9
juli,9
pokok,9
badung,9
dagang,9
habitat,9
tipe,9
kabar,9
kemenko,9
nusron,9
bekas,9
lepas,9
sikap,9
2028,9
dana,9
sengat,9
digital,9
palsu,9
rupiah,9
290,9
dirjen,9
modifikasi,9
halal,9
cerdas,9
pidato,9
karat,9
cenderung,9
dah,9
masalah,9
integrasi,9
lawan,9
hormat,9
power,9
karakteristik,9
kumpul,9
alir,9
material,9
khamr,9
sidang,9
kanal,9
tembus,8
corporation,8
investor,8
alokasi,8
konsisten,8
higroskopis,8
adaptif,8
avtur,8
tenggara,8
respons,8
importir,8
kau,8
nyaman,8
agus,8
juang,8
ilmiah,8
dirgantara,8
profesor,8
gambas,8
akun,8
kiloliter,8
amat,8
aksi,8
tema,8
diam,8
kertanegara,8
ratas,8
aset,8
for,8
jernih,8
balikpapan,8
dol,8
kol,8
ideal,8
crude,8
monokultur,8
trading,8
hidrokarbon,8
curah,8
surveyor,8
janji,8
iritasi,8
kalang,8
judul,8
korea,8
jabar,8
kendali,8
xpander,8
renewable,8
awal,8
debat,8
lula,8
health,8
silva,8
priok,8
90persen,8
kena,8
pria,8
nira,8
plastik,8
lampung,8
anjung,8
anjur,8
relatif,8
kurs,8
artikel,8
opsi,8
nyeri,8
detiknews,8
awat,8
cnbc,8
lauk,8
rp500,8
hotel,8
massal,8
octane,8
banten,8
number,8
bencana,8
komunikasi,8
pesan,8
kilogram,8
lontar,8
busuk,8
peristiwa,8
tempat,8
hip,8
alex,8
khasiat,8
andal,8
turis,8
200,8
cangkir,8
pas,8
alhamdulillah,8
kompensasi,8
indeks,8
beban,8
infeksi,8
mete,8
jambu,8
operator,8
contact,8
liput,8
babak,8
2019,8
sulaeman,8
jalur,8
tengah,8
lpg,8
komprehensif,8
logam,8
selenggara,8
masif,8
ijeck,8
banget,8
korupsi,8
pidana,8
zat,8
paket,7
pecah,7
varian,7
antre,7
manokwari,7
puluh,7
ciri,7
pantau,7
tutuko,7
rave,7
clarity,7
elektrolit,7
jam,7
polda,7
daniel,7
sci,7
bulir,7
yogi,7
tukar,7
ingat,7
40persen,7
hadirin,7
haram,7
lewat,7
struktur,7
suyud,7
situs,7
menit,7
...,7
acu,7
hama,7
cerpen,7
resah,7
pakan,7
chery,7
keluarga,7
the,7
berkat,7
bina,7
konsentrasi,7
university,7
iman,7
1persen,7
monoksida,7
b10,7
60persen,7
viking,7
langgas,7
pln,7
mui,7
calon,7
institute,7
otomatis,7
control,7
asing,7
rekayasa,7
bangkal,7
anwar,7
ragam,7
online,7
sepenuh,7
dapur,7
gaikindo,7
skala,7
iis,7
ekonom,7
stres,7
oksidatif,7
vision,7
sky,7
suv,7
manufacturing,7
gagas,7
joint,7
kisar,7
surplus,7
gugat,7
fahrozi,7
eka,7
adat,7
laura,7
detikoto,7
fiskal,7
adaptasi,7
dokter,7
forensik,7
pestisida,7
jantung,7
peduli,7
kan,7
ltd,7
manis,7
amran,7
beber,7
idap,7
sidak,7
anis,7
serentak,7
sejahtera,7
hanif,7
porsi,7
sungguh,7
gasohol,7
tvs,7
panel,7
komentar,7
agam,7
busi,7
27persen,7
baterai,7
diesel,7
hubung,7
unggah,7
akselerasi,7
main,7
paru,7
forest,7
gue,7
ikat,7
nze,7
kulit,7
mang,7
purwadi,7
loh,7
jurnal,7
urai,7
flavonoid,7
tayang,7
pasang,7
nota,7
besi,7
csr,7
konflik,7
konsolidasi,7
organisasi,7
saring,7
tanggal,6
padi,6
jajak,6
budidaya,6
poin,6
tahu,6
cabang,6
biomassa,6
adil,6
hitam,6
metabolisme,6
lemon,6
peras,6
yannes,6
narkotika,6
tembakau,6
senang,6
najis,6
163,6
gesa,6
kargo,6
flex,6
tradisional,6
desember,6
malang,6
panggil,6
50persen,6
kabinet,6
tni,6
amino,6
molekul,6
usd,6
ajak,6
kemudi,6
rangkai,6
relevan,6
dekade,6
abu,6
terorisme,6
pra,6
sintetis,6
akp,6
aju,6
september,6
sidoarjo,6
tebang,6
managing,6
unsur,6
haters,6
sejati,6
apache,6
sayang,6
listiani,6
definisi,6
hektar,6
wardana,6
airmon,6
kreatif,6
faisol,6
tasikmalaya,6
nre,6
gejala,6
rentan,6
journal,6
salad,6
99persen,6
brand,6
sultan,6
angin,6
development,6
metode,6
kriminalistik,6
bumd,6
detikbali,6
makroskopis,6
laboratoris,6
vital,6
loyal,6
cek,6
saf,6
dadak,6
kendati,6
suplai,6
memorandum,6
sari,6
cadang,6
gixxer,6
250,6
plan,6
apbn,6
eksekutif,6
vanvan,6
yakin,6
konteks,6
waspada,6
grade,6
insulin,6
sulforafan,6
kue,6
variasi,6
distilasi,6
didih,6
disperindag,6
sampah,6
gera,6
private,6
asuransi,6
tuai,6
dinas,6
praktisi,6
carbon,6
pola,6
ongkos,6
polar,6
imbau,6
sesat,6
parlemen,6
patuh,6
tunggal,6
pso,6
yus,6
widjajanto,6
gaya,6
level,6
kuningan,6
way,6
catalyst,6
ganda,6
panci,6
mesti,6
sama,6
reduksi,6
takut,6
co2,6
forum,6
bps,6
inci,6
kolesterol,6
atmosfer,6
detik,6
servis,6
cahaya,6
tren,6
beras,6
subur,6
lumayan,6
latih,6
golong,6
ternak,6
tampung,6
b35,6
pihak,6
hidrasi,6
dwi,6
musnah,6
bocor,6
juni,6
president,6
usung,6
primer,6
enzim,6
bambang,6
damkar,6
sukaraja,6
madam,6
alun,6
klik,6
skuter,6
independen,6
pilar,6
urus,6
siar,6
communication,6
baron,6
angkat,6
sport,6
plt,6
halus,6
analisis,6
kuasa,6
rita,6
rasio,6
kontaminasi,5
retail,5
enggan,5
larang,5
anggar,5
injektor,5
knocking,5
diversifikasi,5
uranium,5
jalin,5
bangkit,5
135,5
kurnia,5
tandjung,5
laju,5
ppm,5
berantas,5
elemen,5
herbal,5
simpul,5
adisatrya,5
jejak,5
bongkar,5
karawang,5
samba,5
domestik,5
fti,5
pnbp,5
monitoring,5
gita,5
pipa,5
upacara,5
ros,5
revisi,5
amanat,5
burhanudin,5
asap,5
sosialisasi,5
sonita,5
terjang,5
fraksi,5
belah,5
mabuk,5
sertifikasi,5
kaya,5
asosiasi,5
benua,5
jasa,5
premium,5
sukarela,5
lap,5
600,5
lppom,5
pasaribu,5
radikal,5
utuh,5
reli,5
tanjung,5
organ,5
allah,5
optimalisasi,5
rdmp,5
ekspresi,5
sunny,5
lidi,5
situasi,5
rangka,5
kerap,5
angkut,5
permen,5
bara,5
gigawatt,5
lovers,5
beat,5
spirit,5
heboh,5
sasar,5
dominasi,5
siburian,5
prebunking,5
aneh,5
perban,5
ban,5
canggu,5
jenazah,5
untuk,5
85persen,5
master,5
jemursari,5
substitusi,5
tajuk,5
growth,5
esensial,5
blitar,5
bubar,5
ali,5
hak,5
susah,5
organik,5
butir,5
intensif,5
nya,5
miftahul,5
putar,5
pinjam,5
modal,5
banyak,5
sales,5
derajat,5
toleransi,5
uap,5
pesisir,5
duduk,5
kerabat,5
kuras,5
tuban,5
springtail,5
rutin,5
statistik,5
produktif,5
jajar,5
devisa,5
jeruk,5
indra,5
ekstensifikasi,5
era,5
wahyudi,5
padu,5
sah,5
tangkap,5
daging,5
pvoil,5
flexible,5
filter,5
kartini,5
senyum,5
prestasi,5
pegang,5
lari,5
dimensi,5
akses,5
retro,5
dirut,5
tan,5
instrumen,5
lemah,5
biosolar,5
sendi,5
gout,5
sulawesi,5
240,5
deqing,5
napas,5
pilot,5
alexandre,5
silveira,5
understanding,5
longsor,5
concernnya,5
nurofiq,5
daftar,5
gratis,5
regional,5
new,5
singapore,5
vegetasi,5
mogas,5
pte,5
iris,5
final,5
2016,5
boros,5
fauna,5
fao,5
sore,5
2001,5
technology,5
dioksida,5
ugm,5
yuk,5
australia,5
tenang,5
kristal,5
padang,5
ragi,5
gingerol,5
kanker,5
musda,5
sumut,5
tunjuk,5
naked,5
hybrid,5
stabilitas,5
detikjatim,5
bsd,5
jabodetabek,5
semester,5
menang,5
len,4
y.m,4
deret,4
lembut,4
copot,4
latar,4
penandatangan,4
milu,4
bening,4
bandang,4
perlahan,4
brazilin,4
ekologi,4
wicaksono,4
medsos,4
aviation,4
booth,4
bel,4
labuh,4
menindaklanjuti,4
terbang,4
bev,4
rabit,4
netral,4
kompresi,4
nonpangan,4
emas,4
penandatanganan,4
merdeka,4
gayung,4
menep,4
desil,4
ubi,4
luka,4
partisipasi,4
analisa,4
permanen,4
derita,4
transfer,4
aircara,4
endemik,4
nipis,4
dosis,4
hamil,4
deqinzuoga,4
tewas,4
open,4
book,4
cermin,4
setop,4
optimistis,4
insya,4
cirebon,4
tokyo,4
aritaka,4
pbb,4
rp1,4
big,4
clear,4
polemik,4
libur,4
sabtu,4
clandestino,4
dialihfungsikan,4
serbuk,4
rp520,4
malapetaka,4
pesat,4
uni,4
persis,4
adek,4
lubang,4
tunda,4
kasatreskrim,4
sembah,4
road,4
map,4
kolom,4
katalis,4
jawab,4
ketimbang,4
instagramnya,4
kecuali,4
suksesi,4
cinta,4
reserse,4
misleading,4
kocok,4
urine,4
eddy,4
kpi,4
antiinflamasi,4
kombinasi,4
menara,4
mega,4
layak,4
objek,4
sinambung,4
monas,4
legalisasi,4
transparan,4
ikan,4
modus,4
audiensi,4
babakan,4
curi,4
negoisasi,4
kemas,4
identik,4
siklus,4
presisi,4
rtx,4
hyundai,4
stargazer,4
populasi,4
asta,4
tunjang,4
pompa,4
basah,4
dinding,4
korosif,4
95persen,4
speknya,4
januari,4
problem,4
lumpur,4
bom,4
molotov,4
co₂,4
segi,4
bekal,4
110,4
120,4
fondasi,4
basarnas,4
dadang,4
gitu,4
ujungberung,4
celcius,4
evolusi,4
kerah,4
februari,4
singapura,4
bibit,4
sensor,4
puskep,4
langgar,4
alhasil,4
rampung,4
bontang,4
pindah,4
resistensi,4
makmur,4
estate,4
pol,4
pisang,4
tangkal,4
food,4
garam,4
future,4
heran,4
susul,4
mara,4
prinsip,4
demo,4
agustus,4
reaksi,4
serasah,4
jamur,4
pekat,4
forkopimda,4
bulog,4
mandat,4
rp16,4
maskapai,4
1 000,4
sendiri,4
kotor,4
glukosa,4
kuantitas,4
terobos,4
segmen,4
garap,4
puncak,4
doni,4
hidayat,4
takar,4
times,4
lezat,4
kenyang,4
fakta,4
densitas,4
nona,4
skop,4
umdag,4
ipda,4
ojek,4
keri,4
desak,4
ragu,4
nature,4
tapak,4
varietas,4
tarif,4
pakistan,4
bea,4
0persen,4
empat,4
saponin,4
antibakteri,4
matahari,4
kalium,4
hendak,4
hayat,4
bkpm,4
amonia,4
fase,4
jarang,4
taufik,4
bunga,4
benda,4
islam,4
kasar,4
anti,4
ampuh,4
minimum,4
seraya,4
pustaka,4
patungan,4
kembung,4
bpn,4
dewasa,4
makhluk,4
mari,4
miring,4
benih,4
officer,4
kpb,4
sentuh,4
ayah,4
antidiabetes,4
detoksifikasi,4
kini,4
firman,4
budaya,4
gandeng,4
perempuan,4
beri,4
akar,4
rumput,4
seledri,4
jus,4
mulia,4
kedelai,4
2011,4
refinery,4
pasta,4
didik,4
beasiswa,4
kurikulum,4
gencar,4
prasetyo,4
telusur,4
muhammadiyah,4
mha,4
jembatan,4
septian,4
itera,4
flora,4
drainase,4
letak,4
international,4
malaysia,4
ditindaklanjuti,4
batubara,4
iup,4
muba,4
day,4
keliling,4
kalibrasi,4
cowok,4
wacana,4
wwf,4
burung,4
daryono,4
biologi,4
subholding,4
science,4
rumus,4
spot,4
hancur,4
ges,4
sekjen,4
musa,4
rajekshah,4
110persen,4
pemprov,4
persegi,4
sumedang,4
ford,4
populer,4
torsi,4
suka,4
transaksi,4
30persen,4
pagi,4
lcev,4
setia,4
mayoritas,4
jarak,4
oksidasi,4
aplikasi,4
pers,4
curiga,4
siang,4
2017,4
polresta,4
loker,4
aspirin,3
bungkus,3
trade,3
totok,3
korps,3
dual,3
loyalty,3
raya,3
jelantah,3
benah,3
pesawat,3
kredit,3
world,3
depo,3
ruas,3
haid,3
kram,3
lukman,3
bauksit,3
feedstock,3
check,3
45persen,3
kolektif,3
lestari,3
patah,3
diplomasi,3
natural,3
inklusif,3
dewan,3
imunitas,3
1970,3
paripurna,3
singgung,3
raksasa,3
tuan,3
compliance,3
supplier,3
kompetitif,3
rinciannya,3
usia,3
momentum,3
price,3
nonsubsidi,3
rp285,3
umm,3
gadjah,3
import,3
vice,3
other,3
edward,3
corne,3
siahaan,3
degradasi,3
histosol,3
negatif,3
ecu,3
sitrat,3
semangka,3
beliau,3
92.,3
biodiversitas,3
hje,3
engineering,3
stem,3
parah,3
rawan,3
dekan,3
konsekuensi,3
riva,3
kreativitas,3
mensesneg,3
sembako,3
kompak,3
rebut,3
maksud,3
jiwa,3
bumbu,3
bioaktif,3
efrina,3
pariaman,3
mint,3
gotong,3
royong,3
selaput,3
aduk,3
panglima,3
mapel,3
kawan,3
kilometer,3
utan,3
gambut,3
feasibility,3
study,3
masak,3
mada,3
watch,3
had,3
menhan,3
sjafrie,3
sjamsoeddin,3
rakabuming,3
state,3
wahid,3
tumpuk,3
tajam,3
asupan,3
2018,3
jeroan,3
gigi,3
erosi,3
hostel,3
susut,3
suling,3
ecek,3
rupa,3
tambahnnya,3
rp2000,3
agraria,3
every,3
concept,3
manajemen,3
van,3
ecer,3
pascasarjana,3
zuoga,3
maklum,3
gate,3
folat,3
ide,3
agriculture,3
cadiak,3
kasat,3
manajer,3
its,3
ensiklopedia,3
kebal,3
tumis,3
bawang,3
herba,3
fathom,3
agro,3
mojokerto,3
madura,3
mdpl,3
pasir,3
kemarau,3
sri,3
1920,3
etilena,3
kalor,3
hiperglikemia,3
beta,3
karoten,3
nitrat,3
sensitivitas,3
pulang,3
kudap,3
kedondong,3
tender,3
kain,3
hasim,3
hadiah,3
umrah,3
potensial,3
garut,3
sentra,3
kilo,3
refleksi,3
lang,3
sulaiman,3
wapres,3
cat,3
pedal,3
gsx,3
2050,3
bincang,3
proposal,3
donald,3
ron95,3
riwayat,3
vii,3
izmirta,3
belimbing,3
wuluh,3
sinar,3
jumpa,3
kolaboratif,3
gudang,3
konvensional,3
trump,3
fossil,3
magnesium,3
alfa,3
lipoat,3
serbaguna,3
smoothie,3
glikemik,3
jerawat,3
ramping,3
pendek,3
kuning,3
spesimen,3
ilmuwan,3
betina,3
nara,3
deskripsi,3
diskus,3
prinsipal,3
lurus,3
kampus,3
instansi,3
sigit,3
garuda,3
pelita,3
driver,3
gegara,3
erti,3
kebonsari,3
pelosok,3
geothermal,3
rifkie,3
gajah,3
leonard,3
landa,3
otonom,3
social,3
pepaya,3
muat,3
metodologi,3
toyib,3
sunan,3
drajat,3
sulis,3
magersari,3
edi,3
kusbandono,3
duryat,3
teoritis,3
info,3
bhimo,3
virus,3
inokulasi,3
andhyka,3
satreskrim,3
showroom,3
musholi,3
cetak,3
ribut,3
ceo,3
arif,3
akrab,3
wanam,3
451 000,3
instruksi,3
biru,3
tsushima,3
misi,3
wajah,3
sendat,3
seragam,3
suliswanto,3
rozek,3
are,3
market,3
saproksilik,3
makalah,3
kumbang,3
seringkali,3
mikrohabitat,3
karakter,3
seater,3
tiongkok,3
meng,3
services,3
limited,3
entitas,3
trb,3
london,3
etil,3
canang,3
rentang,3
jurus,3
108,3
politik,3
soal,3
sembarang,3
1960,3
senior,3
pribadi,3
prancis,3
inggris,3
roadmap,3
tangguh,3
firnando,3
komposisi,3
maret,3
sugeng,3
meta,3
defisit,3
fame,3
irigasi,3
fitur,3
ebt,3
8persen,3
saham,3
merger,3
jebol,3
perabot,3
s10,3
lolos,3
ferdy,3
bpbd,3
arjasari,3
disinformasi,3
atr,3
karya,3
tip,3
lomba,3
gedung,3
indah,3
income,3
sanggup,3
kader,3
inisial,3
ujar,3
benci,3
singkir,3
flu,3
ulas,3
detikhealth,3
rempah,3
labfor,3
yulianti,3
rsup,3
legal,3
oknum,3
suprayogi,3
executive,3
laut,3
bnpt,3
ketidakseimbangan,3
autopsi,3
hapus,3
siber,3
wawas,3
titip,3
tidur,3
from,3
menandatangani,3
2 000,3
waris,3
assist,3
cnn,3
saus,3
tinjau,3
bhayangkara,3
hendra,3
kursi,3
canggih,3
latin,3
paten,3
cantum,3
kuliner,3
label,3
muti,3
bingung,3
burgman,3
address,3
cas,3
service,3
tipis,3
gasket,3
nominal,3
reksowardojo,3
bertanggungjawab,3
sila,3
eks,3
kesalahpahaman,3
dar,3
scientific,3
investigation,3
kurus,3
ngoerah,3
denpasar,3
sarasehan,3
djoko,3
beranta,3
kepolaran,3
quality,3
validitas,3
instalasi,3
sop,3
atensi,3
3 395,3
1 475,3
compressed,3
pergi,3
toshihiro,3
2008,3
2015,3
komunitas,3
yuliot,3
kian,3
pelopor,3
modernisasi,3
rp250,3
arsen,3
sianida,3
kuta,3
tulang,3
punggung,3
kakak,3
kacamata,3
dem,3
lampu,3
sejarah,3
dusun,3
persentase,3
harus,3
awak,3
kriminal,3
azarul,3
bijih,3
litium,3
niobium,3
tum,3
balap,3
mantan,3
tujuh,3
parameter,3
gluk,3
krisis,3
musyawarah,3
keliru,3
dtsen,3
basis,3
full,3
pltn,3
gimana,3
simplisia,3
wedang,3
madu,3
tunas,3
eksisting,3
132,3
ditandatangani,3
kapal,3
geografis,3
nitro,3
kokoh,3
konferensi,3
offline,3
besok,3
update,3
series,3
ice,3
anggur,3
nganggur,3
pasuk,3
convention,3
optimis,3
darat,3
sita,3
man,3
erwan,3
gandum,3
hipmi,3
mypertamina,3
inhibitor,3
station,3
ayat,3
kemala,3
sein,3
farm,3
perang,3
pati,3
bagas,3
briket,3
cahyo,3
perata,3
environmental,3
governance,3
kemenperin,3
muntah,3
otot,3
skk,3
retak,2
rp1952225657874,2
becek,2
tastura,2
sedap,2
versi,2
kuah,2
pinrang,2
city,2
chelsea,2
guardiola,2
frustrasi,2
kencur,2
via,2
vallen,2
baby,2
bump,2
foto,2
seram,2
nadiem,2
makarim,2
chromebook,2
antam,2
vitro,2
2012,2
institutes,2
persepsi,2
tax,2
1945,2
taat,2
antara,2
lobi,2
rp1500,2
segenap,2
sabang,2
over,2
toilet,2
musala,2
nova,2
aseton,2
aldi,2
cileunyi,2
paris,2
sat,2
sidik,2
ima,2
benny,2
finari,2
warung,2
purwakarta,2
fadjar,2
bangga,2
majalengka,2
dilema,2
teng,2
brownies,2
lidah,2
adv,2
rak,2
detail,2
existing,2
luiz,2
hortikultura,2
argentina,2
lompat,2
sda,2
holiday,2
kerjasama,2
terjemah,2
ntb,2
jerat,2
dkpp,2
sekian,2
nox,2
kevin,2
purwarupa,2
800,2
ampas,2
ciduk,2
brix,2
skep,2
kesah,2
rangkap,2
detiksumut,2
jeriken,2
unpas,2
demonstrasi,2
gorong,2
mah,2
garit,2
volatilitas,2
boy,2
hutabarat,2
arus,2
geopolitik,2
15persen,2
innovation,2
iea,2
dekarbonisasi,2
e15,2
kenang,2
offtaker,2
cipadung,2
kulon,2
tikus,2
mutiara,2
mukim,2
hampar,2
pandemi,2
antiradang,2
coliform,2
caspase,2
sungai,2
antikanker,2
antimikroba,2
pigmen,2
serut,2
memarkan2,2
seduh,2
selera,2
sensasi,2
selagi,2
sdt,2
roeslani,2
ombudsman,2
legalitas,2
berani,2
eksekusi,2
chief,2
petan,2
benefit,2
blora,2
b30,2
website,2
call,2
ngeributin,2
ketenagakerjaan,2
apindo,2
dongkrak,2
aceh,2
racik,2
digeprek,2
najamudin,2
jahat,2
koroner,2
geser,2
bumdes,2
kemoterapi,2
sembuh,2
antitusif,2
miyada,2
nur,2
ahnafani,2
part,2
nasib,2
petro,2
490,2
dialog,2
pijak,2
methanol,2
indonesian,2
maman,2
tanggulang,2
kesiapsiagaan,2
walhasil,2
legislator,2
analgesik,2
penjara,2
menu,2
hidang,2
rimpang,2
laki,2
nekat,2
residivis,2
partnership,2
ranah,2
susup,2
rully,2
yusuf,2
suryana,2
security,2
gemuruh,2
solution,2
muslim,2
kammi,2
kasur,2
kulkas,2
gugah,2
hantam,2
tembok,2
kencang,2
deras,2
luap,2
elit,2
rada,2
e35,2
megajoule,2
2persen,2
tolong,2
lain,2
inovatif,2
agen,2
mencar,2
available,2
koodinator,2
makna,2
rembet,2
3x4,2
22 25,2
kolam,2
taksir,2
23 00,2
kobar,2
tampak,2
ismiyati,2
teriak,2
petas,2
danton,2
feri,2
ade,2
gagal,2
hening,2
sirna,2
19 12,2
jinak,2
kepul,2
tobias,2
ganjar,2
kombes,2
amonium,2
klorida,2
ammonium,2
chloride,2
6persen,2
e27,2
biasa,2
directive,2
red,2
jerman,2
300 000,2
rahmad,2
fleksibilitas,2
mapan,2
standard,2
rfs,2
teknokrat,2
presidensial,2
anut,2
academy,2
sunda,2
wargaluyu,2
sinergis,2
youtuber,2
resbob,2
hina,2
rawa,2
administrasi,2
rendam,2
cuci,2
domain,2
status,2
management,2
range,2
bengkok,2
lantik,2
kognisi,2
pabrikasi,2
massif,2
perilaku,2
aja,2
akal,2
bbbt,2
habibie,2
orientasi,2
kritis,2
brawijaya,2
1980,2
real,2
nitrogen,2
platform,2
early,2
warning,2
alarm,2
vokasi,2
ispa,2
akut,2
polutan,2
tanjak,2
pelan,2
lonjak,2
niat,2
170,2
amanah,2
erat,2
gulir,2
sapa,2
indikator,2
balong,2
indramayu,2
identifikasi,2
prospektif,2
11persen,2
tppi,2
aromatik,2
kasihumas,2
pcc135,2
pertamina com,2
staf,2
kombos,2
marak,2
kapolres,2
postingan,2
ahad,2
rahedi,2
relations,2
jatimbalinus,2
kira,2
senayan,2
project,2
rp15,2
dmo,2
hiperlipidemia,2
jabode,2
tangsel,2
yogyakarta,2
simpang,2
penetrasi,2
tiada,2
panggung,2
asyik,2
pasca,2
uras,2
davi,2
cipto,2
case,2
joyoboyo,2
ngampel,2
junok,2
hafid,2
dispenser,2
humas,2
lurah,2
alamiah,2
tap,2
wabah,2
rayon,2
nagari,2
toboh,2
ulak,2
ering,2
wangi,2
inisiasi,2
nyaring,2
detoks,2
diuretik,2
endap,2
wahyu,2
climate,2
inspirasi,2
disparpora,2
rinci,2
870,2
menkeu,2
balik,2
sanksi,2
audit,2
massa,2
aspirasi,2
tera,2
karburator,2
gadang,2
gerbner,2
gambar,2
haqi,2
benerin,2
tanya,2
algoritma,2
fenolik,2
demam,2
gresik,2
tekstur,2
masakan,2
mentimun,2
blender,2
kupas,2
unand,2
kemih,2
tumpu,2
bimbing,2
hidrolisis,2
destilasi,2
how,2
14persen,2
public,2
chamber,2
begal,2
sebentar,2
terfabrikasi,2
rujak,2
favorit,2
cuaca,2
dibudidayakan,2
130,2
joko,2
cahyono,2
jateng,2
sarwat,2
ulama,2
nukil,2
fikih,2
112,2
umat,2
680,2
nurson,2
himpun,2
bengkak,2
email,2
uric,2
acid,2
radang,2
kisah,2
yuswidjajanto,2
tegas,2
knock,2
mtbe,2
oktana,2
konstan,2
anhidrat,2
detikers,2
c2h5oh,2
sintesis,2
perspektif,2
terombang,2
ambing,2
c h oh,2
tuduh,2
benang,2
lupa,2
moral,2
meja,2
otak,2
kaldu,2
kental,2
kerang,2
sapi,2
nasi,2
keju,2
otodidak,2
penggal,2
malu,2
kurniawan,2
momen,2
hormat pada,2
luang,2
asa,2
hormat terima,2
kuliah,2
busung,2
lapar,2
jerumus,2
jebak,2
syukur,2
ini c,2
bahu,2
ilustrasi,2
osis,2
suluh,2
narasumber,2
rehan,2
paragraf,2
organisme,2
peptida,2
ungu,2
ion,2
naoh,2
cuso4,2
reagen,2
biuret,2
encer,2
kasai,2
collembola,2
tsushimaensis,2
cerah,2
artropoda,2
sarden,2
timbun,2
50 500,2
rp20,2
molasses,2
biogasoline,2
subiyanto,2
bin,2
herindra,2
jelang,2
kebayoran,2
mendikti,2
yuliarto,2
teddy,2
wijaya,2
ordway,2
18persen,2
april,2
harvard,2
cokelat,2
badak,2
afrika,2
hin,2
progres,2
paviliun,2
ktt,2
mangkas,2
alpicola,2
tebal,2
survei,2
convallis,2
jantan,2
nakamurai,2
dahan,2
panjang,2
syakagatake,2
abad,2
harimau,2
guineensis,2
land,2
elaeis,2
areal,2
lhk,2
p 23,2
rehabilitasi,2
mighty,2
earth,2
nelayan,2
kooperasi,2
portable,2
industrialisasi,2
matematics,2
suku,2
lanskap,2
terkadang,2
dominan,2
they,2
grup,2
awet,2
tumbang,2
sensitif,2
negosiator,2
morfologi,2
wide,2
fund,2
cahari,2
1 200,2
150 000,2
setiadi,2
phd,2
digest,2
babat,2
restorasi,2
konsorsium,2
kobi,2
anang,2
supriatna,2
istimewa,2
robinson,2
sppb,2
ukceh,2
mikroorganisme,2
88persen,2
mahardhito,2
adhitya,2
wardhana,2
shut,2
msi,2
businesses,2
commercial,2
78persen,2
kah,2
sembunyi,2
ketidaknyamanan,2
petak,2
pelihara,2
garis,2
pantai,2
kantong,2
ekor,2
mikroba,2
cost,2
likuidasi,2
tuntas,2
genus,2
integrated,2
export,2
product,2
park,2
2005,2
maya,2
kusmaya,2
lempung,2
upland,2
topografi,2
sinochem,2
cemar,2
punah,2
proyeksi,2
roundtable,2
semak,2
genetik,2
21persen,2
detikedu,2
lirik,2
seminar,2
menggarisbawahi,2
topang,2
instagram,2
warganet,2
jaja,2
perlu,2
responsif,2
gasolin,2
gari,2
penasaran,2
selisih,2
rp16500,2
resor,2
pemulasaran,2
urin,2
sangkut,2
kamar,2
sumbat,2
umur,2
overheat,2
lumrah,2
amin,2
tabu,2
diy,2
terminal,2
laris,2
168,2
bogor,2
depok,2
rp13000,2
ajang,2
mazda,2
jbkp,2
raka,2
hal,2
kayuh,2
249,2
elektronik,2
775,2
revvo,2
revvo92,2
mamahit,2
flexy,2
side,2
slogan,2
mungil,2
your,2
tigaraksa,2
pesantren,2
keroyokan,2
compact,2
eksperimen,2
ron92,2
tepat,2
reuters,2
suspensi,2
silinder,2
transmisi,2
entry,2
gagah,2
tbbm,2
kawal,2
terjun,2
kapolri,2
drone,2
bupati,2
amalia,2
adininggar,2
widyasanti,2
density,2
perak,2
160,2
pondok,2
menteng,2
taruh,2
kapita,2
astra,2
ahm,2
cartoq,2
rp10,2
komplain,2
grille,2
bumper,2
setiawan,2
kode,2
turbo,2
hydrotreated,2
vegetable,2
hvo,2
rachmat,2
kaimuddin,2
eliminasi,2
metallic,2
black,2
lakh,2
sekira,2
bioavtur,2
system,2
jok,2
fiturnya,2
p27,2
tekno,2
migo,2
kelinci,2
gaduh,2
pascapanen,2
hibrida,2
ahmudi,2
warming,2
perihal,2
jelajah,2
traksi,2
off,2
adventure,2
nasdem,2
lembar,2
drivability,2
lifting,2
kategori,2
upload,2
mandatorikan,2
engine,2
4 400,2
fair,2
transparansi,2
nusa,2
menko,2
atrean,2
wanita,2
lini,2
dari,2
rdp,2
cheroline,2
arta,2
low,2
pers setia,2
goals,2
sdgs,2
elektronika,2
ilmate,2
obligation,2
co2e,2
mem e,2
mimpi,2
padam,2
bulan,2
anhydrous,2
segitu,2
logika,2
iur,2
itung,2
bioethanol,2
sanga,2
500,2
strategy,2
wibowo,2
360,2
rp22805,2
knalpot,2
270,2
grafis,2
1 810,2
825,2
1 050,2
102,2
bersin,2
rang,2
conference,2
raffles,2
mister,2
epenkah,2
lampau,2
ceria,2
1 625,2
100 000,2
genjot,2
minim,2
mau,2
step,2
biogas,2
belanja,2
delegasi,2
belem,2
tempel,2
smc,2
sight,2
tmc,2
70persen,2
bidik,2
rumit,2
all,2
etis,2
subaru,2
daihatsu,2
association,2
risau,2
hajar,2
sosmed,2
kacau,2
diskursus,2
tunggang,2
company,2
petroindo,2
summit,2
ekuivalen,2
mula,2
resep,2
kwetiau,2
darmasaba,2
bima,2
kubang,2
rp5,2
ngamuk,2
bantah,2
3 5persen,2
dex,2
win,2
tuh,2
expo,2
corrosion,2
demulsifier,2
account,2
lowong,2
lamar,2
duka,2
menantu,2
mertua,2
tragis,2
declan,2
rice,2
arsenal,2
gyokeres,2
purnomo,1
fosil program,1
pengggunaan,1
etano,1
rubah,1
treatment,1
mundur,1
kereta,1
jicc,1
atap,1
556,1
co eq,1
spklu,1
spbklu,1
nontunai,1
papan,1
jos,1
monggo,1
tau,1
kunker,1
throttle,1
responnya,1
tambah ia,1
paja,1
flashes,1
fluxus,1
cio,1
patria,1
sjahrir,1
rp1300,1
lho,1
uud,1
kuasi,1
2009,1
tepat tak,1
hot,1
ritel,1
house,1
keeping,1
undi,1
tebar,1
buffalo,1
perisa,1
maka,1
sidi,1
inspektur,1
6 835,1
kongkalikong,1
114,1
steering,1
committee,1
betapa,1
cto,1
hiroki,1
nakajima,1
kerangka,1
superpower,1
next,1
generation,1
automobile,1
sandar,1
ulur,1
yasunobu,1
sek,1
chairperson,1
159,1
nyeleneh,1
blok,1
fukushima,1
eneos,1
tsusho,1
jenama,1
biomass,1
used,1
cooking,1
uco,1
indispensable,1
keijikaita,1
kaita,1
line,1
bekerjasama,1
1 140,1
karuan,1
fuelnya,1
yield,1
ptpn,1
dibenerin,1
projektan,1
pajak,1
komite,1
otonomi,1
logistik,1
rekreasi,1
bahagia,1
praktis,1
1 860,1
715,1
gembira,1
juluk,1
siring,1
teus,1
rp13071,1
rp973,1
rp256,1
tersebtu,1
referensi,1
kembal,1
navigating,1
okajima,1
representative,1
cng,1
cbg,1
individual,1
onwj,1
25 501,1
mahakam,1
23 639,1
oses,1
17 177,1
13 105,1
rp245,1
1 032,1
2045,1
exxon,1
cepu,1
153 900,1
rok,1
151 02,1
68 497,1
djm s,1
05persenm,1
merkaptan,1
002persenm,1
legasi,1
improvisasi,1
declining,1
rate,1
biro,1
merincikan,1
rp12463,1
rp9182,1
setyo,1
486,1
lampir,1
0486 k,1
2040,1
plug,1
khilmi,1
esg,1
meyebabkan,1
alfons,1
manibui,1
sedih,1
8 191 772,1
rp218,1
rp139,1
hosonuma,1
ministry,1
economy,1
industry,1
meti,1
sandubaya,1
mataram,1
15 646 372,1
439 k,1
ek 01,1
listyani,1
biodesel,1
7 454 600,1
rp915,1
kondusif,1
akuntabel,1
itungannya,1
rp1600,1
nett,1
million,1
tpst,1
puskesmas,1
mamabiang,1
bahli,1
wenang,1
suparwoto,1
politikus,1
174,1
nonmurni,1
antaranews,1
mutakhir,1
comply,1
getas,1
timing,1
5 000,1
5 700,1
hujung,1
bilamana,1
400,1
tumbler,1
stainless,1
steel,1
ekspos,1
nyerap,1
kontak,1
chrisye,1
makalew,1
elektrifikasi,1
jelas eniya,1
deputi,1
ngadat,1
efektivitas,1
akuntabilitas,1
tarn,1
bronze,1
aksen,1
aksesori,1
personal,1
touring,1
pannier,1
top,1
takluk,1
medan,1
setang,1
viper,1
blue,1
pearl,1
white,1
lightning,1
semat,1
oli,1
ride,1
wire,1
teral,1
baja,1
kaku,1
travel,1
sekum,1
turing,1
rp37,1
xd4,1
299,1
dohc,1
slipper,1
clutch,1
estinator,1
4 680,1
1 840,1
1 780,1
min,1
pab,1
rikan,1
menurukan,1
watt,1
watergen,1
350,1
tpms,1
sahabat,1
kasava,1
multiply,1
effect,1
navigasi,1
quickshifter,1
cruise,1
mangkurat,1
menetralisir,1
water,1
pump,1
5 680,1
box,1
mode,1
urban,1
rain,1
tour,1
rally,1
tft,1
bluetooth,1
1 17,1
rupee,1
rp22,1
pers deputi,1
keisuke,1
bangka,1
belitung,1
obrol,1
lcd,1
soket,1
ponsel,1
rem,1
antilock,1
braking,1
matte,1
titan,1
enzyme,1
kompos,1
pembudidayaan,1
136,1
165,1
remeh,1
led,1
layar,1
stalling,1
bising,1
hesitation,1
fuell,1
riuh,1
karyawan,1
gapoktan,1
eco,1
fahrenheit,1
gujarat,1
surati,1
chennai,1
matik,1
mengintrodusi,1
general,1
muhibbuddin,1
kesan,1
horizontal,1
vertikal,1
panoramic,1
sunroof,1
ultimate,1
hindu,1
jenuh,1
sembur,1
incar,1
tampang,1
dynamic,1
shield,1
mulus,1
kiri,1
kanan,1
redaksi,1
csi,1
headquarter,1
head,1
marketing,1
4b40,1
1 500,1
mivec,1
purn,1
rizal,1
ramdhani,1
kapolda,1
gajati,1
ahmed,1
zaki,1
iskandar,1
cycle,1
reference,1
antoni,1
bapanas,1
arief,1
adi,1
perum,1
mayjen,1
kisruh,1
rp12000,1
impact,1
rp120,1
65persen,1
hindustan,1
demand,1
positive,1
cnnindonesia,1
prematur,1
kes,1
hydrogen,1
berung,1
migran,1
p2mi,1
potret,1
teleskopik,1
swing,1
arm,1
single,1
shock,1
bobot,1
estimasi,1
rp113,1
tangka,1
telanjang,1
pejal,1
bongsor,1
sohc,1
149cc,1
diamond,1
type,1
worldwide,1
charter,1
banderol,1
sitat,1
greatbiker,1
xsr,1
aerox,1
bodi,1
listyo,1
bantar,1
alsintan,1
rp5500,1
rp8,1
relaksasi,1
menuual,1
rensponsif,1
senyap,1
darurat,1
1 890,1
vitara,1
bee,1
jimny,1
nomade,1
spacia,1
jamak,1
kec,1
dryer,1
silo,1
moqba,1
stan,1
biomethane,1
co.,1
neraca,1
123,1
lng,1
7persen,1
spesifik,1
600 000,1
cop26,1
glasgow,1
tukas,1
raja,1
petrovietnam,1
hanoi,1
hai,1
phong,1
silam,1
tilik,1
990,1
kaprah,1
mencapur,1
restu,1
mops,1
jbu,1
matematis,1
ptpertamina,1
neo,1
jadwal,1
2 115,1
1 105,1
lipat,1
genre,1
1 531,1
550,1
2 694,1
hilux,1
revvo90,1
revvo95,1
06 00,1
spefisikasi,1
dumutubun,1
8tt,1
glydcar,1
glydways,1
rintis,1
bietanol,1
kijang,1
innova,1
zenix,1
2tr,1
dki,1
antri,1
bahwasannya,1
concern,1
taskforce,1
jumlah,1
208,1
additive,1
cilegon,1
alga,1
kubu,1
raih,1
perangkat,1
mejeng,1
perdana,1
animo,1
suryo,1
sulisto,1
hajat,1
amazon,1
didapuk,1
predikat,1
energi lama,1
biorefinery,1
high,1
component,1
homc,1
naphtha,1
rp131,1
rp1311819114579040,1
andi,1
nasional wakil,1
11 00,1
wita,1
gigil,1
sesak,1
inap,1
budget,1
wisatawan,1
icu,1
bunyi,1
pennstate,1
extension,1
polimer,1
prediksi,1
stock,1
out,1
importasi,1
guidance,1
persenlebih,1
car,1
nefara,1
keap,1
109,1
tiu,1
meminimalisir,1
loading,1
discharge,1
cargo,1
openbook,1
eptember,1
pesifikasi,1
assign,1
independent,1
fatwa,1
panik,1
430,1
netizen,1
kalah,1
adisatrya brasil,1
rekor,1
unica,1
rp28596962521382130,1
japanese,1
sertifikat,1
whiskey,1
vodka,1
jujeong,1
arintawati,1
disalahartikan,1
rp705,1
rp171997835294293,1
rp172,1
2 617 683 340,1
rp43191775117765,1
rp431,1
rp215189610412058,1
rp2151,1
leila,1
diaksanakan,1
assoc,1
rp45091477539395,1
rp451,1
rp2543988167436830,1
rp254,1
rp7053135921376330,1
telah,1
memo,1
bottom,1
hpp,1
2 732 816 820,1
1000,1
khatulistiwa,1
variabel,1
cantik,1
sarang,1
semut,1
projections,1
expansion,1
guinea,1
alpha,1
sampai,1
warno,1
utomo,1
traktor,1
mahkhluk,1
kasihan,1
perdu,1
plasma,1
nutfah,1
4persen,1
nihil,1
payung,1
bilateral,1
tekad,1
junjung,1
gcg,1
requirements,1
rusia,1
keanekaragamannya,1
ulat,1
pegas,1
detritivor,1
invertebrata,1
taman,1
zootaxa,1
chain,1
isc,1
memitigasi,1
production,1
start,1
petral,1
dokumentasi,1
oregon,1
podzol,1
genang,1
kanopi,1
nkt,1
2025 2,1
niaga 3,1
assistant,1
supply,1
96persen,1
akurasi,1
3persen,1
94persen,1
curam,1
9persen,1
ketidaksesuaian,1
acrisol,1
agr,1
majalah,1
13 634,1
lipi,1
papuapegunungan kpu go id,1
megadiversitas,1
843,1
mamalia,1
kapuspenkum,1
biogeokimia,1
samuel,1
dafydd,1
elias,1
centre,1
ecology,1
hydrology,1
bentang,1
9.4,1
7.8,1
analis,1
oxford,1
hidrologi,1
18 00,1
mendiktisaintek,1
pedoman,1
select,1
recharge,1
lumas,1
wamen,1
sangga,1
seentara,1
8.7,1
mikroskop,1
seta,1
sok,1
consumer,1
westin,1
iri,1
group,1
komersil,1
michael,1
ulyshen,1
corong,1
berlese,1
cemara,1
abadi,1
fotografi,1
slide,1
sugarcane,1
bplh,1
colok,1
pigmentasi,1
naung,1
isolasi,1
antarpopulasi,1
gradien,1
223,1
reptil,1
amfibi,1
serangga,1
febri,1
zonasi,1
kembali,1
krusial,1
47 000,1
663 443,1
34 918,1
glenn,1
hurowitz,1
phys org,1
zona,1
no 5,1
lpdp,1
mismatch,1
mengupdate,1
lahadila,1
15 55,1
17 07,1
54 000,1
mimika,1
goel,1
76 000,1
mappi,1
61 000,1
nabire,1
cermat,1
artificial,1
intelligence,1
story,1
255,1
planet,1
mil,1
formal,1
2002,1
490 000,1
boven,1
2020s,1
beyond,1
challenges,1
solutions,1
den,1
murphy,1
cabi,1
bioscience,1
darlam,1
much,1
frederick,1
tapia,1
use,1
policy,1
colume,1
akumulasi,1
semi,1
tools,1
moneter,1
analysis,1
sumbar,1
dulang,1
seapan,1
kalkulasi,1
inpres,1
pengarusutamaan,1
tipologi,1
scientist,1
iesa,1
biological,1
diversity,1
cbd,1
medica,1
ihc,1
natour,1
dikoordinir,1
ifg,1
holding,1
powernya,1
magr,1
oranye,1
gemuk,1
lembah,1
kii,1
kahito,1
nakamura,1
portofolio,1
kompleksitas,1
economic,1
impacts,1
kontroversial,1
utnuk,1
4 300,1
remaja,1
sado,1
niigata,1
article,1
rapeseed,1
canola,1
supermarket,1
belas,1
rurut,1
konsesi,1
parelemen,1
pnas,1
elsa,1
greg,1
asner,1
arizona,1
ketidakpastian,1
magazine,1
rhl,1
eksploitasi,1
iop,1
kemen,1
austin,1
23persen,1
25persen,1
grk,1
47persen,1
rainforest,1
alliance,1
galak,1
tumpang,1
intensifikasi,1
earth org,1
kerdil,1
usir,1
hias,1
deodoran,1
sabun,1
sampo,1
lipstik,1
donat,1
asasi,1
kritikus,1
fruktosa,1
suplemen,1
rachmatunnisa,1
detikinet,1
baris,1
rapi,1
sayap,1
daur,1
70 500,1
molases,1
bebek,1
emping,1
makarel,1
laktat,1
cukup,1
panggang,1
ekplanasic,1
saintek,1
tandyo,1
deskripsid,1
kasein,1
tabung,1
vortex,1
20 000,1
ganjil,1
sumatif,1
sas,1
gasal,1
komplit,1
mts,1
faktual,1
eksposisib,1
antibodi,1
antibodib,1
karbohidratc,1
proteind,1
sel b,1
biomolekul,1
lebih c,1
polipeptida d,1
diagram,1
tabel,1
laporanb,1
pemahamanc,1
pembacad,1
urut,1
membran,1
hemoglobin,1
denganc,1
menggunakand,1
intensitas,1
nahco4,1
spektrum,1
fotosintesis,1
hydrilla,1
verticillata,1
hiro,1
kindai,1
kak,1
earth com,1
pengamatanb,1
prosedurc,1
tujuand,1
warnab,1
unjung,1
ini d,1
menyam,1
11.,1
hadirb,1
disampaikanc,1
diinginkand,1
12.,1
tegak,1
pikul,1
leceh,1
sumpah,1
tusuk,1
besar b,1
hormat kita,1
tengok,1
panitia,1
tasyakur,1
slip,1
narkoba d,1
sua,1
hikmah,1
10.,1
raga,1
propagandab,1
faktac,1
fiktifd,1
fiktif,1
penyalahgunaan,1
ini b,1
tama,1
panjat,1
lagipula,1
geram,1
rayu,1
mending,1
memang,1
kartu,1
sergah,1
semburat,1
14.,1
menyumbangb,1
organisasic,1
organisasid,1
bibir,1
sungging,1
duit,1
hibur,1
pendengard,1
13.,1
gaul,1
ucapakan,1
kasih b,1
ukir,1
baik c,1
kasih d,1
materi,1
literos org,1
hut,1
sela,1
peluk,1
urun,1
pendengarb,1
aktualc,1
based,1
spiritus,1
apsendo,1
aspendo,1
rachman,1
gratis d,1
16.,1
tokoh,1
asparagus,1
kangkung,1
melinjo,1
purinnya,1
remis,1
forestry,1
ocean,1
tech,1
telur,1
roti,1
puding,1
margarin,1
buah makan,1
ayam,1
udang,1
tempe,1
15.,1
miskin,1
mau b,1
sekolah c,1
jauh,1
mie,1
bihun,1
susu,1
20.,1
timpa,1
masalahb,1
ikhlasc,1
tempatnyad,1
nopember,1
sudarmanta,1
ipm,1
darmin,1
18.,1
tersbeut,1
19.,1
kelebat,1
mencurigakanb,1
seseorangc,1
terpujid,1
silaturahmi,1
antarsaudara,1
barangb,1
mahalc,1
suaminyad,1
menjaab,1
puji,1
kelabat,1
bayarb,1
uangc,1
sekolahd,1
17.,1
sutan,1
baringin,1
kerut,1
tongam,1
bit,1
fraksional,1
dehidrasi,1
absolut,1
didenaturasi,1
benzena,1
kontroversi,1
pennsylvania,1
immunity,1
difabrikasi,1
literasinya,1
induksi,1
klaster,1
bajhan,1
bir,1
britannica,1
believe,1
lekat,1
implikasi,1
rasi,1
rajalela,1
santap,1
vaksinasi,1
herd,1
aeng,1
fisiokimia,1
substitute,1
karbondioksida,1
higroskopisitas,1
teoksidasi,1
techno,1
what,1
dna,1
rp20000,1
920 000,1
hgu,1
kedaluwarsa,1
920,1
mikir,1
rheumatology,1
mur,1
gemar,1
duli,1
riskesdas,1
prevalensi,1
diagnosis,1
reumatologi,1
artritis,1
peringkat,1
penn,1
russell,1
marker,1
paradigma,1
progresif,1
daerah jika,1
ber,1
gergaji,1
segel,1
atom,1
misterius,1
tumpah,1
pre,1
ignition,1
ketu,1
semprot,1
nonkhamr,1
antiseptik,1
rajih,1
moderat,1
taysir,1
syariat,1
baju,1
muftisany,1
kontemporer,1
farmasi,1
derivat,1
majelis,1
kosmetik,1
wewangian,1
oles,1
qur an,1
surah,1
nisa,1
103,1
الص,1
shalat,1
berhadats,1
hafidz,1
individu,1
aki,1
87.,1
oktannya,1
nascar,1
oksigenat,1
tiang,1
agama,1
csnl,1
cashew,1
liquid,1
gurih,1
mampir,1
tracey,1
chizoba,1
fletcher,1
wisata,1
lanka,1
1500,1
80persen,1
tangkai,1
lalap,1
getah,1
lem,1
kph,1
juwanto,1
tumpangsari,1
multiplayer,1
juanto,1
sorghum,1
dpmptsp,1
ulik,1
wallahu,1
a lam,1
relation,1
provider,1
semarang,1
jogja,1
rp228,1
administratur,1
biokimia,1
ekskresi,1
likopen,1
kalsium,1
oksalat,1
kuku,1
injeksi selain,1
seal,1
andalas,1
daimon,1
syukri,1
herman,1
genggam,1
nutrients,1
toksik,1
histologi,1
munn,1
algorithms,1
affect,1
celsius,1
nyiakan,1
yul,1
bahari,1
terampil,1
role,1
shaping,1
opinion,1
opini,1
bubble,1
echo,1
tiffany,1
perkins,1
ekstrem,1
sadap,1
anyam,1
nostalgia,1
buatdetikers,1
madiun,1
pacitan,1
ponorogo,1
cultivation,1
theory,1
george,1
televisi,1
realitas,1
sindroma,1
kejam,1
regenerasi,1
sariawan,1
melitus,1
steroid,1
triterpen,1
tifoid,1
belimbingwuluh,1
situbondo,1
nalar,1
martinus,1
logis,1
stakeholders,1
700,1
renyah,1
lemak,1
sambal,1
pekarang,1
konvoi,1
poster,1
spanduk,1
orasi,1
personel,1
san,1
paguyuban,1
yunus,1
setel,1
overheating,1
electronic,1
lawas,1
biobutanol,1
unjuk,1
gor,1
suropati,1
proporsi,1
bio,1
combustion,1
ekonomis,1
26 8,1
baharu,1
komersialisasi,1
kompres,1
basa,1
hara,1
siram,1
kutu,1
pro,1
kontra,1
siti,1
aisyah,1
tiru,1
pnre,1
pmipa,1
proteinuria,1
anemia,1
inflamasi,1
sia,1
berangan,1
wadah,1
sumbagut,1
lokal turut,1
community,1
aft,1
minangkabau,1
hamdika,1
smart,1
hutang,1
whoosh,1
bentrok,1
ferry,1
politis,1
gebrak,1
bumerang,1
rp14721,1
balai,1
damai,1
tertib,1
wewenangnya,1
tinta,1
ika,1
akahirnya,1
reshufle,1
soekarno,1
hatta,1
keleyan,1
bancar,1
dian,1
maulid,1
firmansyah,1
supervisor,1
patroli,1
jatim,1
prasetya,1
barusan,1
jambang,1
nozzle,1
durasi,1
mikro,1
sampling,1
monitor,1
form,1
struk,1
trace,1
cctv,1
putut,1
siswahyudi,1
paruh,1
inspeksi,1
sample,1
tangkil,1
wlingi,1
talun,1
bence,1
garum,1
bratang,1
gede,1
street,1
mujahid,1
abdullah,1
ngisi,1
nemu,1
tiktok,1
bejana,1
merk,1
pcx,1
karbu,1
nerima,1
fudowi,1
whatsapp,1
benerinnya,1
sentral,1
gelontor,1
upah,1
runtut,1
universal,1
pancing,1
tereplikasi,1
temperatur,1
sugianto,1
singonegaran,1
reskrim,1
leksana,1
disperdagin,1
branch,1
sbm,1
region,1
coffee,1
morning,1
bioetanolnya,1
rp14036,1
rp115,1
rp13921,1
diktum,1
3.k,1
domestic,1
afiliasi,1
trans,1
pacific,1
petrochemical,1
kabarin,1
cukul,1
24 000,1
darling,1
marah,1
gandrung,1
rp200,1
totodua,1
rp475,1
rp465,1
iii,1
nmax,1
coban,1
rondo,1
napa,1
tuding,1
copilot,1
65 667,1
sosok,1
olefin,1
1 600,1
prospek,1
polytama,1
propindo,1
impi,1
fluktuasi,1
optimisme,1
pek,1
mbrebet,1
teknisi,1
mailto,1
hamzaid,1
pge,1
indotama,1
780,1
akbp,1
suryanto,1
14 00,1
mitro,1
rahwono,1
kanit,1
pidter,1
tandon,1
ek 05,1
kombws,1
teror,1
hantu,1
spb,1
matic,1
har,1
beada,1
time,1
metana,1
koleksi,1
gerbangkertosusila,1
ispu,1
pilmapres,1
diponegoro,1
sni,1
things,1
iot,1
rachma,1
aprilidanti,1
instrumentasi,1
trik,1
keprihatinanya,1
mitigasi,1
karanggeneng,1
berumbun,1
rp40,1
rp50,1
rp80,1
airlangga,1
unair,1
internet,1
pertamina135,1
good,1
rata,1
rp16623,1
rp9013,1
rp1180,1
rp16585,1
kala,1
263 984,1
spekulatif,1
asumsi,1
biofuels,1
mature,1
rame,1
synergizing,1
finance,1
transportasi campur,1
mes,1
alah,1
15 30,1
marriott,1
lumbung,1
psn,1
266 000,1
psikologi,1
yudhi,1
sadewa,1
tentang,1
aryanto,1
natrium,1
karbonat,1
deterjen,1
alcohol,1
muttaqin,1
reformasi,1
kaget,1
william,1
mcguire,1
psikolog,1
vaksin,1
ketatanegaraan,1
rizki,1
ganinduto,1
nasional firnando,1
harmonis,1
dinamika,1
paman,1
mengimport,1
maf,1
streamer,1
ideologi,1
piawai,1
galang,1
presidential,1
threshold,1
konstitusional,1
ringkas,1
pemkab,1
condong,1
2014,1
lokus,1
persib,1
club,1
vpc,1
agribusiness,1
greener,1
doubletree,1
hilton,1
dr.,1
tania,1
realistis,1
mantik,1
capture,1
align,1
sbpu,1
resin,1
csmpuran,1
tepis,1
113,1
transition,1
speech,1
ditressiber,1
leuweung,1
gelora,1
merincikannya,1
stream,1
install,1
capacity,1
optimization,1
asset,1
rizky,1
adilya,1
kabid,1
rochmawan,1
profiling,1
hate,1
kaltim,1
groundbreaking,1
industrial,1
kie,1
abrik,1
174 000,1
performance,1
assets,1
yesterday,1
magicom,1
sofa,1
orangtua,1
ria,1
sang,1
pagar,1
assessment,1
sekat,1
harimurti,1
garda,1
insan,1
merecharge,1
caleg,1
today,1
comes,1
haleuang,1
saguling,1
guyur,1
tanggul,1
padalarang,1
luber,1
limpas,1
gerus,1
dialogue,1
104,1
fleksi,1
baseline,1
hafal,1
list,1
hadityo,1
bojong,1
zingiber,1
officinale,1
ayurveda,1
unani,1
pedas,1
alkaloid,1
triterpenoid,1
antitumor,1
fisik,1
andyka,1
handal,1
dalih,1
antar,1
duluan,1
kabur,1
pepet,1
tipu,1
gelap,1
kbo,1
kelabu,1
singaparna,1
tas,1
strategic,1
resilience,1
kbb,1
suheri,1
jibaku,1
nganga,1
pasutri,1
arti,1
hadah,1
tamansari,1
tekstil,1
kertas,1
benchmark,1
profitabilitas,1
konstruksi,1
neutral,1
buluh,1
ekspektoran,1
antusiasme,1
sesi,1
capa,1
meeting,1
insurance,1
paralel,1
pelat,1
evaluasi,1
k3s,1
icp,1
merta,1
abdurrahman,1
sembilan,1
aktivis,1
suasana,1
santai,1
farmakologis,1
karminatif,1
stimulan,1
vasodilator,1
hartono,1
pemulasaraan,1
pdip,1
kontrak,1
leukotriene,1
shandy,1
anggraeni,1
pegal,1
arthritis,1
tanaya,1
kardioprotektif,1
ldl,1
rangsang,1
empedu,1
andarwulan,1
mual,1
soft,1
gerd,1
ulu,1
prostaglandin,1
pilek,1
reni,1
handayani,1
balita,1
zahra,1
umami,1
frekuensi,1
73persen,1
lendir,1
syarah,1
wajar,1
toksikologi,1
teratogenik,1
janin,1
mulas,1
alergi,1
kritik,1
75persen,1
rp61813,1
delapan,1
rp6183,1
45 000,1
padjadjaran,1
kontraktor,1
bappenas,1
trendsetter,1
bopd,1
siswanto,1
pertiwi,1
sawah,1
mus,1
banyuasin,1
nipis1,1
asli,1
pad,1
instrument,1
satgas,1
pkh,1
inventarisir,1
pertaminapatraniaga,1
gumpal,1
sirkulasi,1
pinggang,1
olahraga,1
antiinflamasinya,1
selenium,1
pulih,1
digeprek1,1
resorsin,1
brazilein,1
atsiri,1
jingga,1
padat,1
sepat,1
disentri,1
malaria,1
ramu,1
polifenol,1
quinin,1
monoterpene,1
tannin,1
tanat,1
fotosterol,1
gelatin,1
resap,1
airnya1,1
murni200,1
air100,1
pandan200,1
garam1,1
opsional,1
harum,1
lega,1
tenggorok,1
dahak,1
tipis3,1
jahe1,1
memarkan1,1
pasirsedikit,1
batu200,1
abnormal,1
propionibacterium,1
acnes,1
bunuh,1
antijerawat,1
khiki,1
purnawati,1
kasim,1
das,1
ekspansi,1
benteng,1
hidrologis,1
residu,1
suhartati,1
apoptosis,1
survivin,1
74persen,1
28persen,1
terpenoid,1
degeneratif,1
young,1
ic50,1
antioksidatif,1
kontur,1
tetanus,1
adirestuti,1
escherichia,1
coli,1
staphylococcus,1
aureus,1
pseudomonas,1
aeruginosa,1
bengkalai,1
ular,1
biak,1
rayap,1
belantara,1
duri,1
betul,1
topi,1
dedaunan,1
serealia,1
lambai,1
untai,1
bak,1
apit,1
sindangsari,1
mintal,1
mutih,1
depa,1
kuno,1
pinggir,1
tiup,1
susur,1
belai,1
desik,1
makassar,1
permenkes,1
imun,1
popularitas,1
covid,1
bugar,1
memar,1
janggut,1
pdt g,1
jkt pst,1
beripkir,1
sekedaar,1
eneri,1
diniali,1
mempu,1
manja,1
pada,1
agresif,1
agency,1
renewables,1
resourcewise,1
tati,1
suryati,1
648,1
telinga,1
inacio,1
contek,1
mandatorinya,1
fan,1
information,1
administration,1
eia,1
navy,1
belukar,1
beton,1
pkb,1
johan,1
pahit,1
rumpun,1
hanjeli,1
refraktometer,1
picing,1
lensa,1
seringai,1
kumis,1
angguk,1
puas,1
kompor,1
coklat,1
baleg,1
cium,1
semerbak,1
raksa,1
tatap,1
sendok,1
prisma,1
gober,1
13 00,1
jemput,1
ketemu,1
kecil,1
manglayang,1
kilap,1
cahyadi,1
membudidayakan,1
150,1
kuintal,1
rp7,1
ratun,1
gali,1
cangkul,1
legam,1
komisaris,1
sopir,1
ngeng,1
mantap,1
test,1
drive,1
setir,1
sugiyarto,1
umbi,1
selulosa,1
hemiselulosa,1
3 500,1
ruen,1
giias,1
raung,1
tes,1
firing,1
pltu,1
lab,1
tekmira,1
3800,1
kkal,1
ranting,1
malay,1
ajaib,1
layang,1
kondensor,1
embun,1
seru,1
risi,1
silase,1
ekstraksi,1
e40,1
maslahat,1
government,1
mei,1
terna,1
brin,1
bri,1
disiplin,1
queensland,1
cuat,1
henry,1
polyurethane,1
luntur,1
gelintir,1
gugus,1
h2o,1
gegap,1
gempita,1
kampanye,1
wawancara,1
wirjoatmodjo,1
retrofit,1
electric,1
daring,1
sniv,1
oksida,1
patok,1
rp13,1
getar,1
ngelitik,1
mio,1
pom,1
kebut,1
holtikultura,1
daily,1
interest,1
upstreamnya,1
smooth,1
sana,1
900,1
petroleum,1
men,1
cross,1
doa,1
doain,1
akurat,1
rapbn,1
nik,1
p3e,1
bioguma,1
soper,1
in cio,1
yustisiana,1
lingkup,1
aktor,1
liquefied,1
geledah,1
inspektorat,1
blokir,1
38 697,1
1999,1
juncto,1
kitab,1
multiguna,1
bolu,1
marmer,1
order,1
klasik,1
pres,1
pupu,1
binar,1
rontok,1
berkah,1
tertawa,1
muffin,1
moringa,1
pincut,1
texas,1
kuk,1
liwet,1
cookies,1
langlang,1
buana,1
gampang,1
gluten,1
adon,1
melar,1
omzet,1
501,1
701,1
pajang,1
sosoh,1
giling,1
mutiasari,1
kreasi,1
benoit,1
kurun,1
truk,1
place,1
switching,1
firani,1
rp51,1
37 220,1
mililiter,1
farming,1
irama,1
flores,1
santoso,1
drastis,1
sangka,1
rawat,1
ingin,1
inventarisasi,1
distanhorti,1
dad,1
148,1
eksternal,1
ptdi,1
taker,1
contract,1
sakarifikasi,1
simpel,1
jalar,1
subang,1
marjinal,1
tandus,1
palawija,1
gubernur,1
tabuh,1
genderang,1
cikandang,1
dikosannya,1
kompol,1
handphone,1
samsung,1
papir,1
unisba,1
jaya,1
agreement,1
jeas,1
endus,1
sinte,1
kapolresta,1
subartono,1
rp100,1
gugur,1
review,1
klarifikasi,1
post,1
bidding,1
amaliah,1
doktor,1
elektrik,1
bachtiar,1
iweb,1
unpad,1
kan nah,1
ya karena,1
kerek,1
maket,1
aijaz,1
alvaro,1
viljoen,1
kultur,1
suharyanto,1
brigjen,1
heri,1
cheel,1
lalit,1
mar,1
chaudhari,1
acpm,1
dental,1
college,1
streptococcus,1
mutans,1
shah,1
tukak,1
citral,1
terapi,1
radiasi,1
onkolog,1
mulut,1
antimikrobanya,1
pms,1
teori,1
advanced,1
pharmaceutical,1
trusted,1
source,1
stroke,1
gagan,1
ndc,1
adaptation,1
nap,1
rilis,1
after,1
sustainability,1
cop,1
boepd,1
ulfa,1
sui,1
suadnyana,1
fabiola,1
dianira,1
nationally,1
determined,1
contribution,1
paradoks,1
e3 5,1
landas,1
wwfc,1
implisit,1
eksplisit,1
martabat,1
psdm,1
chemistry,1
klorogenat,1
isoorientin,1
swertiajaponin,1
disfungsi,1
arteri,1
anekdot,1
diet,1
